Gozo Kitao,Executive Producer
Akihiro Imamura,Producer
Masashi Tsuboyama,Director
Masahiro Ito,Art Director
Hiroyuki Owaku,Scenario Writer
Suguru Murakoshi,Drama Director
Akira Yamaoka,Sound Director
Norihito Hatakeda,Graphic Engine Programmer
Yuki Mizuochi,Character Programmer
Yukinori Ojima,Collision Programmer
Kazumasa Ogiso,Converter Programmer
Hiroyuki Owaku,Drama Programmer
Kazutoshi Sugai,System Programmer
Hideyuki Fujii,Monster Programmer
Hayato Fukushima,Shadow Programmer
Satoshi Kikuchi,Camera Programmer
Hidehisa Harada,Effect Programmer
Taku Otani,Sub Programmer
Naoto Ohashi,Sub Programmer
Hiromichi Ito,Sub Programmer
Makoto Hiura,Tool Programmer
AKT,Sound Programmer
Masahiro Ito,Monster Designer
Shingo Yuri,Character Designer
Sachiko Sugawara,Character Designer
Minako Asano,Character Designer
Masashi Tsuboyama,Town Designer
Atsushi Ono,Town Designer
Motomi Minowa,Town Designer
Mayuko Yano,Town Designer
Hitomi Namatame,Town Designer
Jun Inoue,Town Designer
Hiroto Yamaguchi,Town Designer
Yuko Ito,Town Designer
Takayuki Ando,Town Designer
Jun Suzuki,Town Designer
Takamitu Nemoto,Room Designer
Yasunori Kanetake,Room Designer
Yumiko Fujishima,Room Designer
Masako Murakata,Room Designer
Takayuki Fujiki,Room Designer
Runa Sugiyama,Room Designer
Noriyoshi Sato,Room Designer
Chicko Ogura,Room Designer
Kyohei Yamaguchi,Room Designer
Tomohisa Koike,Room Designer
Takeshi Miura,Room Designer
Hiroshi Koyama,Room Designer
Yuichi Kobayashi,Character Motion
Shigeru Kobayashi,Character Motion
Nakazawa Kazuhide,Character Motion
Suguru Murakoshi,Drama Animation
Atsushi Sakamoto,Drama Animation
Atsuya Tanaka,Drama Animation
Ray Matsumurua,Drama Animation
Shiro Kanemori,Drama Animation
Takashi Ito,Still Picture
Tomoko Morohoshi,Still Picture
Eiichi Ito,Item Designer
Tomoko Furukawa,Item Designer
Daisuke Nakayama,Package Designer
Morio Kishida,CGI Movie Editor
Taro Miyake,Publicity
Osamu Shigeta,Publicity
Kanako Nakahara,Publicity
Noboru Sakaue,Publicity
Kazunori Nirasawa,Publicity
Jeremy Blaustein,English Supervisor
Haruhiko Inaba,Casting Coordinator